inventory_id,ui_area,kind,ui_object,object_name,test_id,qualification_level,coverage_status,automation_status,manual_followup_status,rationale,evidence
action:derivative_ledger,accounting_royalties,action,Derivative Ledger…,,UI-PQ-ACC-001,Functional Workflow Qualification,covered,automated,,,"evidence.json, business_workflow_manifest.json"
action:promo_code_ledger,accounting_royalties,action,Promo Code Ledger…,,UI-PQ-ACC-001,Functional Workflow Qualification,covered,automated,,,"evidence.json, business_workflow_manifest.json"
action:promo_code_ledger:222,accounting_royalties,action,Promo Code Ledger,,UI-PQ-ACC-001,Functional Workflow Qualification,covered,automated,,,"evidence.json, business_workflow_manifest.json"
button:qt_dockwidget_closebutton:362,accounting_royalties,button,qt_dockwidget_closebutton,qt_dockwidget_closebutton,UI-PQ-ACC-001,Functional Workflow Qualification,covered,automated,,,"evidence.json, business_workflow_manifest.json"
button:qt_dockwidget_floatbutton:361,accounting_royalties,button,qt_dockwidget_floatbutton,qt_dockwidget_floatbutton,UI-PQ-ACC-001,Functional Workflow Qualification,covered,automated,,,"evidence.json, business_workflow_manifest.json"
dock:promocodeledgerdock,accounting_royalties,dock,Promo Code Ledger,promoCodeLedgerDock,UI-PQ-ACC-001,Functional Workflow Qualification,covered,automated,,,"evidence.json, business_workflow_manifest.json"
action:deliverables_and_asset_versions,assets_deliverables,action,Deliverables and Asset Versions,,UI-PQ-MISC-001,UI Inventory Qualification,pending_manual,pending,feature-specific workflow automation pending,,"traceability_matrix.csv, deviations.csv"
action:deliverables_asset_versions,assets_deliverables,action,Deliverables  Asset Versions…,,UI-PQ-MISC-001,UI Inventory Qualification,pending_manual,pending,feature-specific workflow automation pending,,"traceability_matrix.csv, deviations.csv"
button:qt_dockwidget_closebutton:370,assets_deliverables,button,qt_dockwidget_closebutton,qt_dockwidget_closebutton,UI-PQ-MISC-001,UI Inventory Qualification,pending_manual,pending,feature-specific workflow automation pending,,"traceability_matrix.csv, deviations.csv"
button:qt_dockwidget_floatbutton:369,assets_deliverables,button,qt_dockwidget_floatbutton,qt_dockwidget_floatbutton,UI-PQ-MISC-001,UI Inventory Qualification,pending_manual,pending,feature-specific workflow automation pending,,"traceability_matrix.csv, deviations.csv"
dock:assetregistrydock,assets_deliverables,dock,Deliverables and Asset Versions,assetRegistryDock,UI-PQ-MISC-001,UI Inventory Qualification,pending_manual,pending,feature-specific workflow automation pending,,"traceability_matrix.csv, deviations.csv"
action:audio_authenticity_keys,authenticity,action,Audio Authenticity Keys…,,UI-PQ-AUTH-001,Functional Workflow Qualification,pending_manual,pending,synthetic audio fixture automation pending,,"evidence.json, deviations.csv"
action:authenticity_provenance,authenticity,action,Authenticity  Provenance,,UI-PQ-AUTH-001,Functional Workflow Qualification,pending_manual,pending,synthetic audio fixture automation pending,,"evidence.json, deviations.csv"
action:convert_external_audio_files,authenticity,action,Convert External Audio Files…,,UI-PQ-AUTH-001,Functional Workflow Qualification,pending_manual,pending,synthetic audio fixture automation pending,,"evidence.json, deviations.csv"
action:export_authentic_masters,authenticity,action,Export Authentic Masters…,,UI-PQ-AUTH-001,Functional Workflow Qualification,pending_manual,pending,synthetic audio fixture automation pending,,"evidence.json, deviations.csv"
action:export_catalog_audio_copies,authenticity,action,Export Catalog Audio Copies…,,UI-PQ-AUTH-001,Functional Workflow Qualification,pending_manual,pending,synthetic audio fixture automation pending,,"evidence.json, deviations.csv"
action:export_forensic_watermarked_audio,authenticity,action,Export Forensic Watermarked Audio…,,UI-PQ-AUTH-001,Functional Workflow Qualification,pending_manual,pending,synthetic audio fixture automation pending,,"evidence.json, deviations.csv"
action:export_provenance_copies,authenticity,action,Export Provenance Copies…,,UI-PQ-AUTH-001,Functional Workflow Qualification,pending_manual,pending,synthetic audio fixture automation pending,,"evidence.json, deviations.csv"
action:inspect_forensic_watermark,authenticity,action,Inspect Forensic Watermark…,,UI-PQ-AUTH-001,Functional Workflow Qualification,pending_manual,pending,synthetic audio fixture automation pending,,"evidence.json, deviations.csv"
action:verify_audio_authenticity,authenticity,action,Verify Audio Authenticity…,,UI-PQ-AUTH-001,Functional Workflow Qualification,pending_manual,pending,synthetic audio fixture automation pending,,"evidence.json, deviations.csv"
menu:mainwindow_qmenu_28,authenticity,menu,Authenticity  Provenance,mainWindow_qMenu_28,UI-PQ-AUTH-001,Functional Workflow Qualification,pending_manual,pending,synthetic audio fixture automation pending,,"evidence.json, deviations.csv"
action:add_album,catalog,action,Add Album…,,UI-PQ-CAT-001,Functional Workflow Qualification,covered,automated,,,"evidence.json, business_workflow_manifest.json"
action:add_selected_tracks_to_release,catalog,action,Add Selected Tracks to Release…,,UI-PQ-CAT-001,Functional Workflow Qualification,covered,automated,,,"evidence.json, business_workflow_manifest.json"
action:add_track,catalog,action,Add Track…,,UI-PQ-CAT-001,Functional Workflow Qualification,covered,automated,,,"evidence.json, business_workflow_manifest.json"
action:add_track:151,catalog,action,Add Track,,UI-PQ-CAT-001,Functional Workflow Qualification,covered,automated,,,"evidence.json, business_workflow_manifest.json"
action:add_track:203,catalog,action,Add Track,,UI-PQ-CAT-001,Functional Workflow Qualification,covered,automated,,,"evidence.json, business_workflow_manifest.json"
action:album_art,catalog,action,Album Art,,UI-PQ-CAT-001,Functional Workflow Qualification,covered,automated,,,"evidence.json, business_workflow_manifest.json"
action:album_art:54,catalog,action,Album Art,,UI-PQ-CAT-001,Functional Workflow Qualification,covered,automated,,,"evidence.json, business_workflow_manifest.json"
action:album_art:70,catalog,action,Album Art,,UI-PQ-CAT-001,Functional Workflow Qualification,covered,automated,,,"evidence.json, business_workflow_manifest.json"
action:album_title,catalog,action,Album Title,,UI-PQ-CAT-001,Functional Workflow Qualification,covered,automated,,,"evidence.json, business_workflow_manifest.json"
action:album_title:53,catalog,action,Album Title,,UI-PQ-CAT-001,Functional Workflow Qualification,covered,automated,,,"evidence.json, business_workflow_manifest.json"
action:album_title:69,catalog,action,Album Title,,UI-PQ-CAT-001,Functional Workflow Qualification,covered,automated,,,"evidence.json, business_workflow_manifest.json"
action:album_track_ordering,catalog,action,Album Track Ordering,,UI-PQ-CAT-001,Functional Workflow Qualification,covered,automated,,,"evidence.json, business_workflow_manifest.json"
action:attach_album_art_file,catalog,action,Attach Album Art File…,,UI-PQ-CAT-001,Functional Workflow Qualification,covered,automated,,,"evidence.json, business_workflow_manifest.json"
action:catalog,catalog,action,Catalog,,UI-PQ-CAT-001,Functional Workflow Qualification,covered,automated,,,"evidence.json, business_workflow_manifest.json"
action:catalog:152,catalog,action,Catalog,,UI-PQ-CAT-001,Functional Workflow Qualification,covered,automated,,,"evidence.json, business_workflow_manifest.json"
action:catalog:45,catalog,action,Catalog#,,UI-PQ-CAT-001,Functional Workflow Qualification,covered,automated,,,"evidence.json, business_workflow_manifest.json"
action:catalog:61,catalog,action,Catalog#,,UI-PQ-CAT-001,Functional Workflow Qualification,covered,automated,,,"evidence.json, business_workflow_manifest.json"
action:catalog:77,catalog,action,Catalog#,,UI-PQ-CAT-001,Functional Workflow Qualification,covered,automated,,,"evidence.json, business_workflow_manifest.json"
action:catalog_exchange,catalog,action,Catalog Exchange,,UI-PQ-CAT-001,Functional Workflow Qualification,covered,automated,,,"evidence.json, business_workflow_manifest.json"
action:catalog_exchange:11,catalog,action,Catalog Exchange,,UI-PQ-CAT-001,Functional Workflow Qualification,covered,automated,,,"evidence.json, business_workflow_manifest.json"
action:catalog_table,catalog,action,Catalog Table,,UI-PQ-CAT-001,Functional Workflow Qualification,covered,automated,,,"evidence.json, business_workflow_manifest.json"
action:catalog_table:227,catalog,action,Catalog Table,,UI-PQ-CAT-001,Functional Workflow Qualification,covered,automated,,,"evidence.json, business_workflow_manifest.json"
action:delete_selected_track,catalog,action,Delete Selected Track,,UI-PQ-CAT-001,Functional Workflow Qualification,covered,automated,,,"evidence.json, business_workflow_manifest.json"
action:export_full_party_catalog_csv,catalog,action,Export Full Party Catalog CSV…,,UI-PQ-CAT-001,Functional Workflow Qualification,covered,automated,,,"evidence.json, business_workflow_manifest.json"
action:export_full_party_catalog_json,catalog,action,Export Full Party Catalog JSON…,,UI-PQ-CAT-001,Functional Workflow Qualification,covered,automated,,,"evidence.json, business_workflow_manifest.json"
action:export_full_party_catalog_xlsx,catalog,action,Export Full Party Catalog XLSX…,,UI-PQ-CAT-001,Functional Workflow Qualification,covered,automated,,,"evidence.json, business_workflow_manifest.json"
action:full_catalog,catalog,action,Full Catalog,,UI-PQ-CAT-001,Functional Workflow Qualification,covered,automated,,,"evidence.json, business_workflow_manifest.json"
action:full_party_catalog,catalog,action,Full Party Catalog,,UI-PQ-CAT-001,Functional Workflow Qualification,covered,automated,,,"evidence.json, business_workflow_manifest.json"
action:master_catalog_transfer,catalog,action,Master Catalog Transfer,,UI-PQ-CAT-001,Functional Workflow Qualification,covered,automated,,,"evidence.json, business_workflow_manifest.json"
action:master_catalog_transfer:10,catalog,action,Master Catalog Transfer,,UI-PQ-CAT-001,Functional Workflow Qualification,covered,automated,,,"evidence.json, business_workflow_manifest.json"
action:media_player,catalog,action,Media Player,,UI-PQ-CAT-001,Functional Workflow Qualification,covered,automated,,,"evidence.json, business_workflow_manifest.json"
action:save_track,catalog,action,Save Track,,UI-PQ-CAT-001,Functional Workflow Qualification,covered,automated,,,"evidence.json, business_workflow_manifest.json"
action:show_add_track_panel,catalog,action,Show Add Track Panel,,UI-PQ-CAT-001,Functional Workflow Qualification,covered,automated,,,"evidence.json, business_workflow_manifest.json"
action:show_catalog_table,catalog,action,Show Catalog Table,,UI-PQ-CAT-001,Functional Workflow Qualification,covered,automated,,,"evidence.json, business_workflow_manifest.json"
action:track_length_hh_mm_ss,catalog,action,Track Length (hh:mm:ss),,UI-PQ-CAT-001,Functional Workflow Qualification,covered,automated,,,"evidence.json, business_workflow_manifest.json"
action:track_length_hh_mm_ss:52,catalog,action,Track Length (hh:mm:ss),,UI-PQ-CAT-001,Functional Workflow Qualification,covered,automated,,,"evidence.json, business_workflow_manifest.json"
action:track_length_hh_mm_ss:68,catalog,action,Track Length (hh:mm:ss),,UI-PQ-CAT-001,Functional Workflow Qualification,covered,automated,,,"evidence.json, business_workflow_manifest.json"
action:track_title,catalog,action,Track Title,,UI-PQ-CAT-001,Functional Workflow Qualification,covered,automated,,,"evidence.json, business_workflow_manifest.json"
action:track_title:51,catalog,action,Track Title,,UI-PQ-CAT-001,Functional Workflow Qualification,covered,automated,,,"evidence.json, business_workflow_manifest.json"
action:track_title:67,catalog,action,Track Title,,UI-PQ-CAT-001,Functional Workflow Qualification,covered,automated,,,"evidence.json, business_workflow_manifest.json"
button:actionribbonbuttonaddalbum,catalog,button,Add Album,actionRibbonButtonAddAlbum,UI-PQ-CAT-001,Functional Workflow Qualification,covered,automated,,,"evidence.json, business_workflow_manifest.json"
button:actionribbonbuttonaddtrack,catalog,button,Add Track,actionRibbonButtonAddTrack,UI-PQ-CAT-001,Functional Workflow Qualification,covered,automated,,,"evidence.json, business_workflow_manifest.json"
button:actionribbonbuttongs1metadata,catalog,button,GS1 Metadata,actionRibbonButtonGs1Metadata,UI-PQ-CAT-001,Functional Workflow Qualification,covered,automated,,,"evidence.json, business_workflow_manifest.json"
button:actionribbonbuttonmediaplayer,catalog,button,Media Player,actionRibbonButtonMediaPlayer,UI-PQ-CAT-001,Functional Workflow Qualification,covered,automated,,,"evidence.json, business_workflow_manifest.json"
button:actionribbonbuttonreleasebrowser,catalog,button,Release Browser,actionRibbonButtonReleaseBrowser,UI-PQ-CAT-001,Functional Workflow Qualification,covered,automated,,,"evidence.json, business_workflow_manifest.json"
button:actionribbonbuttonworkmanager,catalog,button,Work Manager,actionRibbonButtonWorkManager,UI-PQ-CAT-001,Functional Workflow Qualification,covered,automated,,,"evidence.json, business_workflow_manifest.json"
button:album_art_browse_button,catalog,button,Browse…,album_art_browse_button,UI-PQ-CAT-001,Functional Workflow Qualification,covered,automated,,,"evidence.json, business_workflow_manifest.json"
button:album_art_clear_button,catalog,button,Clear,album_art_clear_button,UI-PQ-CAT-001,Functional Workflow Qualification,covered,automated,,,"evidence.json, business_workflow_manifest.json"
button:catalogtableselectionfilterbutton,catalog,button,Filter to the current table cell.,catalogTableSelectionFilterButton,UI-PQ-CAT-001,Functional Workflow Qualification,covered,automated,,,"evidence.json, business_workflow_manifest.json"
button:catalogtablezoomdecreasebutton,catalog,button,-,catalogTableZoomDecreaseButton,UI-PQ-CAT-001,Functional Workflow Qualification,covered,automated,,,"evidence.json, business_workflow_manifest.json"
button:catalogtablezoomincreasebutton,catalog,button,+,catalogTableZoomIncreaseButton,UI-PQ-CAT-001,Functional Workflow Qualification,covered,automated,,,"evidence.json, business_workflow_manifest.json"
button:catalogtablezoomresetbutton,catalog,button,Reset,catalogTableZoomResetButton,UI-PQ-CAT-001,Functional Workflow Qualification,covered,automated,,,"evidence.json, business_workflow_manifest.json"
button:delete_button,catalog,button,Delete Selected,delete_button,UI-PQ-CAT-001,Functional Workflow Qualification,covered,automated,,,"evidence.json, business_workflow_manifest.json"
button:qt_dockwidget_closebutton:372,catalog,button,qt_dockwidget_closebutton,qt_dockwidget_closebutton,UI-PQ-CAT-001,Functional Workflow Qualification,covered,automated,,,"evidence.json, business_workflow_manifest.json"
button:qt_dockwidget_floatbutton:371,catalog,button,qt_dockwidget_floatbutton,qt_dockwidget_floatbutton,UI-PQ-CAT-001,Functional Workflow Qualification,covered,automated,,,"evidence.json, business_workflow_manifest.json"
button:save_button,catalog,button,Create Work + Save Track,save_button,UI-PQ-CAT-001,Functional Workflow Qualification,covered,automated,,,"evidence.json, business_workflow_manifest.json"
dock:adddatadock,catalog,dock,Add Track,addDataDock,UI-PQ-CAT-001,Functional Workflow Qualification,covered,automated,,,"evidence.json, business_workflow_manifest.json"
dock:catalogtabledock,catalog,dock,Catalog Table,catalogTableDock,UI-PQ-CAT-001,Functional Workflow Qualification,covered,automated,,,"evidence.json, business_workflow_manifest.json"
field:album_art_field,catalog,field,No album art selected,album_art_field,UI-PQ-CAT-001,Functional Workflow Qualification,covered,automated,,,"evidence.json, business_workflow_manifest.json"
field:album_title_field,catalog,field,album_title_field,album_title_field,UI-PQ-CAT-001,Functional Workflow Qualification,covered,automated,,,"evidence.json, business_workflow_manifest.json"
field:entry_date_preview_field,catalog,field,Stamped automatically when the track is first saved.,entry_date_preview_field,UI-PQ-CAT-001,Functional Workflow Qualification,covered,automated,,,"evidence.json, business_workflow_manifest.json"
field:mainwindow_qlineedit_3,catalog,field,mainWindow_qLineEdit_3,mainWindow_qLineEdit_3,UI-PQ-CAT-001,Functional Workflow Qualification,covered,automated,,,"evidence.json, business_workflow_manifest.json"
field:qt_spinbox_lineedit,catalog,field,1,qt_spinbox_lineedit,UI-PQ-CAT-001,Functional Workflow Qualification,covered,automated,,,"evidence.json, business_workflow_manifest.json"
field:qt_spinbox_lineedit:392,catalog,field,qt_spinbox_lineedit,qt_spinbox_lineedit,UI-PQ-CAT-001,Functional Workflow Qualification,covered,automated,,,"evidence.json, business_workflow_manifest.json"
field:qt_spinbox_lineedit:393,catalog,field,qt_spinbox_lineedit,qt_spinbox_lineedit,UI-PQ-CAT-001,Functional Workflow Qualification,covered,automated,,,"evidence.json, business_workflow_manifest.json"
field:qt_spinbox_lineedit:394,catalog,field,qt_spinbox_lineedit,qt_spinbox_lineedit,UI-PQ-CAT-001,Functional Workflow Qualification,covered,automated,,,"evidence.json, business_workflow_manifest.json"
field:record_id_field,catalog,field,Assigned automatically when you save this track.,record_id_field,UI-PQ-CAT-001,Functional Workflow Qualification,covered,automated,,,"evidence.json, business_workflow_manifest.json"
field:track_title_field,catalog,field,track_title_field,track_title_field,UI-PQ-CAT-001,Functional Workflow Qualification,covered,automated,,,"evidence.json, business_workflow_manifest.json"
menu:catalog_table_layout_menu,catalog,menu,Catalog Table,catalog_table_layout_menu,UI-PQ-CAT-001,Functional Workflow Qualification,covered,automated,,,"evidence.json, business_workflow_manifest.json"
menu:mainwindow_qmenu_10,catalog,menu,Master Catalog Transfer,mainWindow_qMenu_10,UI-PQ-CAT-001,Functional Workflow Qualification,covered,automated,,,"evidence.json, business_workflow_manifest.json"
menu:mainwindow_qmenu_11,catalog,menu,Catalog Exchange,mainWindow_qMenu_11,UI-PQ-CAT-001,Functional Workflow Qualification,covered,automated,,,"evidence.json, business_workflow_manifest.json"
menu:mainwindow_qmenu_12,catalog,menu,Current Scope,mainWindow_qMenu_12,UI-PQ-CAT-001,Functional Workflow Qualification,covered,automated,,,"evidence.json, business_workflow_manifest.json"
menu:mainwindow_qmenu_13,catalog,menu,Full Catalog,mainWindow_qMenu_13,UI-PQ-CAT-001,Functional Workflow Qualification,covered,automated,,,"evidence.json, business_workflow_manifest.json"
menu:mainwindow_qmenu_16,catalog,menu,Full Party Catalog,mainWindow_qMenu_16,UI-PQ-CAT-001,Functional Workflow Qualification,covered,automated,,,"evidence.json, business_workflow_manifest.json"
menu:mainwindow_qmenu_19,catalog,menu,Catalog,mainWindow_qMenu_19,UI-PQ-CAT-001,Functional Workflow Qualification,covered,automated,,,"evidence.json, business_workflow_manifest.json"
menu:mainwindow_qmenu_20,catalog,menu,Workspace,mainWindow_qMenu_20,UI-PQ-CAT-001,Functional Workflow Qualification,covered,automated,,,"evidence.json, business_workflow_manifest.json"
menu:mainwindow_qmenu_23,catalog,menu,Metadata  Standards,mainWindow_qMenu_23,UI-PQ-CAT-001,Functional Workflow Qualification,covered,automated,,,"evidence.json, business_workflow_manifest.json"
menu:mainwindow_qmenu_24,catalog,menu,Publish,mainWindow_qMenu_24,UI-PQ-CAT-001,Functional Workflow Qualification,covered,automated,,,"evidence.json, business_workflow_manifest.json"
menu:mainwindow_qmenu_25,catalog,menu,Audio,mainWindow_qMenu_25,UI-PQ-CAT-001,Functional Workflow Qualification,covered,automated,,,"evidence.json, business_workflow_manifest.json"
menu:mainwindow_qmenu_5,catalog,menu,Master Catalog Transfer,mainWindow_qMenu_5,UI-PQ-CAT-001,Functional Workflow Qualification,covered,automated,,,"evidence.json, business_workflow_manifest.json"
menu:mainwindow_qmenu_6,catalog,menu,Catalog Exchange,mainWindow_qMenu_6,UI-PQ-CAT-001,Functional Workflow Qualification,covered,automated,,,"evidence.json, business_workflow_manifest.json"
tab_page:adddatatabs_tab_1,catalog,tab_page,Track,addDataTabs_tab_1,UI-PQ-CAT-001,Functional Workflow Qualification,covered,automated,,,"evidence.json, business_workflow_manifest.json"
view:table,catalog,view,table,table,UI-PQ-CAT-001,Functional Workflow Qualification,covered,automated,,,"evidence.json, business_workflow_manifest.json"
action:contract_manager,contracts_rights,action,Contract Manager…,,UI-PQ-CON-001,Relationship Qualification,covered,automated,,,"evidence.json, business_workflow_manifest.json"
action:contract_manager:220,contracts_rights,action,Contract Manager,,UI-PQ-CON-001,Relationship Qualification,covered,automated,,,"evidence.json, business_workflow_manifest.json"
action:contracts_and_rights,contracts_rights,action,Contracts and Rights,,UI-PQ-CON-001,Relationship Qualification,covered,automated,,,"evidence.json, business_workflow_manifest.json"
action:contracts_and_rights:17,contracts_rights,action,Contracts and Rights,,UI-PQ-CON-001,Relationship Qualification,covered,automated,,,"evidence.json, business_workflow_manifest.json"
action:export_contracts_and_rights_csv_bundle,contracts_rights,action,Export Contracts and Rights CSV Bundle…,,UI-PQ-CON-001,Relationship Qualification,covered,automated,,,"evidence.json, business_workflow_manifest.json"
action:export_contracts_and_rights_json,contracts_rights,action,Export Contracts and Rights JSON…,,UI-PQ-CON-001,Relationship Qualification,covered,automated,,,"evidence.json, business_workflow_manifest.json"
action:export_contracts_and_rights_xlsx,contracts_rights,action,Export Contracts and Rights XLSX…,,UI-PQ-CON-001,Relationship Qualification,covered,automated,,,"evidence.json, business_workflow_manifest.json"
action:export_contracts_and_rights_zip_package,contracts_rights,action,Export Contracts and Rights ZIP Package…,,UI-PQ-CON-001,Relationship Qualification,covered,automated,,,"evidence.json, business_workflow_manifest.json"
action:import_contracts_and_rights_csv_bundle,contracts_rights,action,Import Contracts and Rights CSV Bundle…,,UI-PQ-CON-001,Relationship Qualification,covered,automated,,,"evidence.json, business_workflow_manifest.json"
action:import_contracts_and_rights_json,contracts_rights,action,Import Contracts and Rights JSON…,,UI-PQ-CON-001,Relationship Qualification,covered,automated,,,"evidence.json, business_workflow_manifest.json"
action:import_contracts_and_rights_xlsx,contracts_rights,action,Import Contracts and Rights XLSX…,,UI-PQ-CON-001,Relationship Qualification,covered,automated,,,"evidence.json, business_workflow_manifest.json"
action:import_contracts_and_rights_zip_package,contracts_rights,action,Import Contracts and Rights ZIP Package…,,UI-PQ-CON-001,Relationship Qualification,covered,automated,,,"evidence.json, business_workflow_manifest.json"
action:rights_matrix,contracts_rights,action,Rights Matrix…,,UI-PQ-CON-001,Relationship Qualification,covered,automated,,,"evidence.json, business_workflow_manifest.json"
action:rights_matrix:225,contracts_rights,action,Rights Matrix,,UI-PQ-CON-001,Relationship Qualification,covered,automated,,,"evidence.json, business_workflow_manifest.json"
button:qt_dockwidget_closebutton:358,contracts_rights,button,qt_dockwidget_closebutton,qt_dockwidget_closebutton,UI-PQ-CON-001,Relationship Qualification,covered,automated,,,"evidence.json, business_workflow_manifest.json"
button:qt_dockwidget_closebutton:368,contracts_rights,button,qt_dockwidget_closebutton,qt_dockwidget_closebutton,UI-PQ-CON-001,Relationship Qualification,covered,automated,,,"evidence.json, business_workflow_manifest.json"
button:qt_dockwidget_floatbutton:357,contracts_rights,button,qt_dockwidget_floatbutton,qt_dockwidget_floatbutton,UI-PQ-CON-001,Relationship Qualification,covered,automated,,,"evidence.json, business_workflow_manifest.json"
button:qt_dockwidget_floatbutton:367,contracts_rights,button,qt_dockwidget_floatbutton,qt_dockwidget_floatbutton,UI-PQ-CON-001,Relationship Qualification,covered,automated,,,"evidence.json, business_workflow_manifest.json"
button:scrollrightbutton,contracts_rights,button,ScrollRightButton,ScrollRightButton,UI-PQ-CON-001,Relationship Qualification,covered,automated,,,"evidence.json, business_workflow_manifest.json"
dock:contractmanagerdock,contracts_rights,dock,Contract Manager,contractManagerDock,UI-PQ-CON-001,Relationship Qualification,covered,automated,,,"evidence.json, business_workflow_manifest.json"
dock:rightsmatrixdock,contracts_rights,dock,Rights Matrix,rightsMatrixDock,UI-PQ-CON-001,Relationship Qualification,covered,automated,,,"evidence.json, business_workflow_manifest.json"
menu:mainwindow_qmenu_17,contracts_rights,menu,Contracts and Rights,mainWindow_qMenu_17,UI-PQ-CON-001,Relationship Qualification,covered,automated,,,"evidence.json, business_workflow_manifest.json"
menu:mainwindow_qmenu_8,contracts_rights,menu,Contracts and Rights,mainWindow_qMenu_8,UI-PQ-CON-001,Relationship Qualification,covered,automated,,,"evidence.json, business_workflow_manifest.json"
action:diagnostics,diagnostics,action,Diagnostics…,,UI-PQ-DIAG-001,Error/Recovery Qualification,covered,automated,,,evidence.json
action:gs1_metadata,gs1,action,GS1 Metadata…,,UI-PQ-MISC-001,UI Inventory Qualification,pending_manual,pending,feature-specific workflow automation pending,,"traceability_matrix.csv, deviations.csv"
action:create_snapshot,history_recovery,action,Create Snapshot…,,UI-PQ-MISC-001,UI Inventory Qualification,pending_manual,pending,feature-specific workflow automation pending,,"traceability_matrix.csv, deviations.csv"
action:history,history_recovery,action,History,,UI-PQ-MISC-001,UI Inventory Qualification,pending_manual,pending,feature-specific workflow automation pending,,"traceability_matrix.csv, deviations.csv"
action:redo,history_recovery,action,Redo,,UI-PQ-MISC-001,UI Inventory Qualification,pending_manual,pending,feature-specific workflow automation pending,,"traceability_matrix.csv, deviations.csv"
action:show_undo_history,history_recovery,action,Show Undo History…,,UI-PQ-MISC-001,UI Inventory Qualification,pending_manual,pending,feature-specific workflow automation pending,,"traceability_matrix.csv, deviations.csv"
action:undo,history_recovery,action,Undo,,UI-PQ-MISC-001,UI Inventory Qualification,pending_manual,pending,feature-specific workflow automation pending,,"traceability_matrix.csv, deviations.csv"
button:actionribbonbuttonshowhistory,history_recovery,button,Show Undo History,actionRibbonButtonShowHistory,UI-PQ-MISC-001,UI Inventory Qualification,pending_manual,pending,feature-specific workflow automation pending,,"traceability_matrix.csv, deviations.csv"
menu:mainwindow_qmenu_31,history_recovery,menu,History,mainWindow_qMenu_31,UI-PQ-MISC-001,UI Inventory Qualification,pending_manual,pending,feature-specific workflow automation pending,,"traceability_matrix.csv, deviations.csv"
action:export,import_export,action,Export,,UI-PQ-IMP-001,Output Qualification,covered,automated,,,"evidence.json, visual/generated_output_manifest.json"
action:export_audio_derivatives,import_export,action,Export Audio Derivatives…,,UI-PQ-IMP-001,Output Qualification,covered,automated,,,"evidence.json, visual/generated_output_manifest.json"
action:export_full_exchange_csv,import_export,action,Export Full Exchange CSV…,,UI-PQ-IMP-001,Output Qualification,covered,automated,,,"evidence.json, visual/generated_output_manifest.json"
action:export_full_exchange_json,import_export,action,Export Full Exchange JSON…,,UI-PQ-IMP-001,Output Qualification,covered,automated,,,"evidence.json, visual/generated_output_manifest.json"
action:export_full_exchange_xlsx,import_export,action,Export Full Exchange XLSX…,,UI-PQ-IMP-001,Output Qualification,covered,automated,,,"evidence.json, visual/generated_output_manifest.json"
action:export_full_exchange_xml,import_export,action,Export Full Exchange XML…,,UI-PQ-IMP-001,Output Qualification,covered,automated,,,"evidence.json, visual/generated_output_manifest.json"
action:export_full_exchange_zip_package,import_export,action,Export Full Exchange ZIP Package…,,UI-PQ-IMP-001,Output Qualification,covered,automated,,,"evidence.json, visual/generated_output_manifest.json"
action:export_master_transfer_zip,import_export,action,Export Master Transfer ZIP…,,UI-PQ-IMP-001,Output Qualification,covered,automated,,,"evidence.json, visual/generated_output_manifest.json"
action:export_selected_exchange_csv,import_export,action,Export Selected Exchange CSV…,,UI-PQ-IMP-001,Output Qualification,covered,automated,,,"evidence.json, visual/generated_output_manifest.json"
action:export_selected_exchange_json,import_export,action,Export Selected Exchange JSON…,,UI-PQ-IMP-001,Output Qualification,covered,automated,,,"evidence.json, visual/generated_output_manifest.json"
action:export_selected_exchange_xlsx,import_export,action,Export Selected Exchange XLSX…,,UI-PQ-IMP-001,Output Qualification,covered,automated,,,"evidence.json, visual/generated_output_manifest.json"
action:export_selected_exchange_xml,import_export,action,Export Selected Exchange XML…,,UI-PQ-IMP-001,Output Qualification,covered,automated,,,"evidence.json, visual/generated_output_manifest.json"
action:export_selected_exchange_zip_package,import_export,action,Export Selected Exchange ZIP Package…,,UI-PQ-IMP-001,Output Qualification,covered,automated,,,"evidence.json, visual/generated_output_manifest.json"
action:export_selected_parties_csv,import_export,action,Export Selected Parties CSV…,,UI-PQ-IMP-001,Output Qualification,covered,automated,,,"evidence.json, visual/generated_output_manifest.json"
action:export_selected_parties_json,import_export,action,Export Selected Parties JSON…,,UI-PQ-IMP-001,Output Qualification,covered,automated,,,"evidence.json, visual/generated_output_manifest.json"
action:export_selected_parties_xlsx,import_export,action,Export Selected Parties XLSX…,,UI-PQ-IMP-001,Output Qualification,covered,automated,,,"evidence.json, visual/generated_output_manifest.json"
action:import_attach,import_export,action,Import  Attach,,UI-PQ-IMP-001,Output Qualification,covered,automated,,,"evidence.json, visual/generated_output_manifest.json"
action:import_csv,import_export,action,Import CSV…,,UI-PQ-IMP-001,Output Qualification,covered,automated,,,"evidence.json, visual/generated_output_manifest.json"
action:import_exchange,import_export,action,Import  Exchange,,UI-PQ-IMP-001,Output Qualification,covered,automated,,,"evidence.json, visual/generated_output_manifest.json"
action:import_json,import_export,action,Import JSON…,,UI-PQ-IMP-001,Output Qualification,covered,automated,,,"evidence.json, visual/generated_output_manifest.json"
action:import_master_transfer_zip,import_export,action,Import Master Transfer ZIP…,,UI-PQ-IMP-001,Output Qualification,covered,automated,,,"evidence.json, visual/generated_output_manifest.json"
action:import_metadata_from_audio_files,import_export,action,Import Metadata from Audio Files…,,UI-PQ-IMP-001,Output Qualification,covered,automated,,,"evidence.json, visual/generated_output_manifest.json"
action:import_parties_csv,import_export,action,Import Parties CSV…,,UI-PQ-IMP-001,Output Qualification,covered,automated,,,"evidence.json, visual/generated_output_manifest.json"
action:import_parties_json,import_export,action,Import Parties JSON…,,UI-PQ-IMP-001,Output Qualification,covered,automated,,,"evidence.json, visual/generated_output_manifest.json"
action:import_parties_xlsx,import_export,action,Import Parties XLSX…,,UI-PQ-IMP-001,Output Qualification,covered,automated,,,"evidence.json, visual/generated_output_manifest.json"
action:import_xlsx,import_export,action,Import XLSX…,,UI-PQ-IMP-001,Output Qualification,covered,automated,,,"evidence.json, visual/generated_output_manifest.json"
action:import_xml,import_export,action,Import XML…,,UI-PQ-IMP-001,Output Qualification,covered,automated,,,"evidence.json, visual/generated_output_manifest.json"
action:import_zip_package,import_export,action,Import ZIP Package…,,UI-PQ-IMP-001,Output Qualification,covered,automated,,,"evidence.json, visual/generated_output_manifest.json"
action:reset_saved_import_choices,import_export,action,Reset Saved Import Choices…,,UI-PQ-IMP-001,Output Qualification,covered,automated,,,"evidence.json, visual/generated_output_manifest.json"
menu:mainwindow_qmenu_14,import_export,menu,Parties,mainWindow_qMenu_14,UI-PQ-IMP-001,Output Qualification,covered,automated,,,"evidence.json, visual/generated_output_manifest.json"
menu:mainwindow_qmenu_26,import_export,menu,Import  Attach,mainWindow_qMenu_26,UI-PQ-IMP-001,Output Qualification,covered,automated,,,"evidence.json, visual/generated_output_manifest.json"
menu:mainwindow_qmenu_4,import_export,menu,Import  Exchange,mainWindow_qMenu_4,UI-PQ-IMP-001,Output Qualification,covered,automated,,,"evidence.json, visual/generated_output_manifest.json"
menu:mainwindow_qmenu_7,import_export,menu,Parties,mainWindow_qMenu_7,UI-PQ-IMP-001,Output Qualification,covered,automated,,,"evidence.json, visual/generated_output_manifest.json"
menu:mainwindow_qmenu_9,import_export,menu,Export,mainWindow_qMenu_9,UI-PQ-IMP-001,Output Qualification,covered,automated,,,"evidence.json, visual/generated_output_manifest.json"
action:application_log,logs_support,action,Application Log…,,UI-PQ-MISC-001,UI Inventory Qualification,pending_manual,pending,feature-specific workflow automation pending,,"traceability_matrix.csv, deviations.csv"
action:open_logs_folder,logs_support,action,Open Logs Folder…,,UI-PQ-MISC-001,UI Inventory Qualification,pending_manual,pending,feature-specific workflow automation pending,,"traceability_matrix.csv, deviations.csv"
action:audio,media_audio,action,Audio,,UI-PQ-MEDIA-001,Performance/Responsiveness Qualification,pending_manual,pending,codec-stable media fixture coverage pending,,deviations.csv
action:audio_file,media_audio,action,Audio File,,UI-PQ-MEDIA-001,Performance/Responsiveness Qualification,pending_manual,pending,codec-stable media fixture coverage pending,,deviations.csv
action:audio_file:50,media_audio,action,Audio File,,UI-PQ-MEDIA-001,Performance/Responsiveness Qualification,pending_manual,pending,codec-stable media fixture coverage pending,,deviations.csv
action:audio_file:66,media_audio,action,Audio File,,UI-PQ-MEDIA-001,Performance/Responsiveness Qualification,pending_manual,pending,codec-stable media fixture coverage pending,,deviations.csv
action:bulk_attach_audio_files,media_audio,action,Bulk Attach Audio Files…,,UI-PQ-MEDIA-001,Performance/Responsiveness Qualification,pending_manual,pending,codec-stable media fixture coverage pending,,deviations.csv
button:audio_file_browse_button,media_audio,button,Browse…,audio_file_browse_button,UI-PQ-MEDIA-001,Performance/Responsiveness Qualification,pending_manual,pending,codec-stable media fixture coverage pending,,deviations.csv
button:audio_file_clear_button,media_audio,button,Clear,audio_file_clear_button,UI-PQ-MEDIA-001,Performance/Responsiveness Qualification,pending_manual,pending,codec-stable media fixture coverage pending,,deviations.csv
field:audio_file_field,media_audio,field,No audio file selected,audio_file_field,UI-PQ-MEDIA-001,Performance/Responsiveness Qualification,pending_manual,pending,codec-stable media fixture coverage pending,,deviations.csv
menu:mainwindow_qmenu_27,media_audio,menu,Delivery  Conversion,mainWindow_qMenu_27,UI-PQ-MEDIA-001,Performance/Responsiveness Qualification,pending_manual,pending,codec-stable media fixture coverage pending,,deviations.csv
tab_page:adddatatabs_tab_4,media_audio,tab_page,Media,addDataTabs_tab_4,UI-PQ-MEDIA-001,Performance/Responsiveness Qualification,pending_manual,pending,codec-stable media fixture coverage pending,,deviations.csv
action:backup_database,recovery,action,Backup Database,,UI-PQ-MISC-001,UI Inventory Qualification,pending_manual,pending,feature-specific workflow automation pending,,"traceability_matrix.csv, deviations.csv"
action:quality_repair,recovery,action,Quality  Repair,,UI-PQ-MISC-001,UI Inventory Qualification,pending_manual,pending,feature-specific workflow automation pending,,"traceability_matrix.csv, deviations.csv"
action:restore_from_backup,recovery,action,Restore from Backup…,,UI-PQ-MISC-001,UI Inventory Qualification,pending_manual,pending,feature-specific workflow automation pending,,"traceability_matrix.csv, deviations.csv"
action:track_import_repair_queue,recovery,action,Track Import Repair Queue…,,UI-PQ-MISC-001,UI Inventory Qualification,pending_manual,pending,feature-specific workflow automation pending,,"traceability_matrix.csv, deviations.csv"
button:actionribbonbuttoncreatesnapshot,recovery,button,Create Snapshot,actionRibbonButtonCreateSnapshot,UI-PQ-MISC-001,UI Inventory Qualification,pending_manual,pending,feature-specific workflow automation pending,,"traceability_matrix.csv, deviations.csv"
menu:mainwindow_qmenu_29,recovery,menu,Quality  Repair,mainWindow_qMenu_29,UI-PQ-MISC-001,UI Inventory Qualification,pending_manual,pending,feature-specific workflow automation pending,,"traceability_matrix.csv, deviations.csv"
action:report_a_bug,reports,action,Report a Bug…,,UI-PQ-MISC-001,UI Inventory Qualification,pending_manual,pending,feature-specific workflow automation pending,,"traceability_matrix.csv, deviations.csv"
action:global_search_and_relationships,search,action,Global Search and Relationships…,,UI-PQ-MISC-001,UI Inventory Qualification,pending_manual,pending,feature-specific workflow automation pending,,"traceability_matrix.csv, deviations.csv"
action:global_search_and_relationships:218,search,action,Global Search and Relationships,,UI-PQ-MISC-001,UI Inventory Qualification,pending_manual,pending,feature-specific workflow automation pending,,"traceability_matrix.csv, deviations.csv"
action:reset_search_filter,search,action,Reset Search Filter,,UI-PQ-MISC-001,UI Inventory Qualification,pending_manual,pending,feature-specific workflow automation pending,,"traceability_matrix.csv, deviations.csv"
button:qt_dockwidget_closebutton:354,search,button,qt_dockwidget_closebutton,qt_dockwidget_closebutton,UI-PQ-MISC-001,UI Inventory Qualification,pending_manual,pending,feature-specific workflow automation pending,,"traceability_matrix.csv, deviations.csv"
button:qt_dockwidget_floatbutton:353,search,button,qt_dockwidget_floatbutton,qt_dockwidget_floatbutton,UI-PQ-MISC-001,UI Inventory Qualification,pending_manual,pending,feature-specific workflow automation pending,,"traceability_matrix.csv, deviations.csv"
button:search_button,search,button,Reset,search_button,UI-PQ-MISC-001,UI Inventory Qualification,pending_manual,pending,feature-specific workflow automation pending,,"traceability_matrix.csv, deviations.csv"
dock:globalsearchdock,search,dock,Global Search and Relationships,globalSearchDock,UI-PQ-MISC-001,UI Inventory Qualification,pending_manual,pending,feature-specific workflow automation pending,,"traceability_matrix.csv, deviations.csv"
field:search_column_combo,search,field,search_column_combo,search_column_combo,UI-PQ-MISC-001,UI Inventory Qualification,pending_manual,pending,feature-specific workflow automation pending,,"traceability_matrix.csv, deviations.csv"
field:search_field,search,field,Search...,search_field,UI-PQ-MISC-001,UI Inventory Qualification,pending_manual,pending,feature-specific workflow automation pending,,"traceability_matrix.csv, deviations.csv"
action:about_music_catalog_manager,settings_theme_help,action,About Music Catalog Manager…,,UI-PQ-SET-001,UI Reachability Qualification,covered,automated,,,"evidence.json, visual/visual_manifest.json"
action:application_settings,settings_theme_help,action,Application Settings…,,UI-PQ-SET-001,UI Reachability Qualification,covered,automated,,,"evidence.json, visual/visual_manifest.json"
action:export_settings,settings_theme_help,action,Export Settings…,,UI-PQ-SET-001,UI Reachability Qualification,covered,automated,,,"evidence.json, visual/visual_manifest.json"
action:help,settings_theme_help,action,Help,,UI-PQ-SET-001,UI Reachability Qualification,covered,automated,,,"evidence.json, visual/visual_manifest.json"
action:help_contents,settings_theme_help,action,Help Contents…,,UI-PQ-SET-001,UI Reachability Qualification,covered,automated,,,"evidence.json, visual/visual_manifest.json"
action:import_settings,settings_theme_help,action,Import Settings…,,UI-PQ-SET-001,UI Reachability Qualification,covered,automated,,,"evidence.json, visual/visual_manifest.json"
action:settings,settings_theme_help,action,Settings,,UI-PQ-SET-001,UI Reachability Qualification,covered,automated,,,"evidence.json, visual/visual_manifest.json"
button:actionribbonbuttonsettings,settings_theme_help,button,Application Settings,actionRibbonButtonSettings,UI-PQ-SET-001,UI Reachability Qualification,covered,automated,,,"evidence.json, visual/visual_manifest.json"
button:add_datahelpbutton,settings_theme_help,button,?,add_dataHelpButton,UI-PQ-SET-001,UI Reachability Qualification,covered,automated,,,"evidence.json, visual/visual_manifest.json"
button:catalog_tablehelpbutton,settings_theme_help,button,?,catalog_tableHelpButton,UI-PQ-SET-001,UI Reachability Qualification,covered,automated,,,"evidence.json, visual/visual_manifest.json"
button:profileshelpbutton,settings_theme_help,button,?,profilesHelpButton,UI-PQ-SET-001,UI Reachability Qualification,covered,automated,,,"evidence.json, visual/visual_manifest.json"
field:generated_isrc_field,settings_theme_help,field,Auto-generation disabled until an ISRC prefix is set.,generated_isrc_field,UI-PQ-SET-001,UI Reachability Qualification,covered,automated,,,"evidence.json, visual/visual_manifest.json"
menu:mainwindow_qmenu_30,settings_theme_help,menu,Settings,mainWindow_qMenu_30,UI-PQ-SET-001,UI Reachability Qualification,covered,automated,,,"evidence.json, visual/visual_manifest.json"
menu:mainwindow_qmenu_32,settings_theme_help,menu,Help,mainWindow_qMenu_32,UI-PQ-SET-001,UI Reachability Qualification,covered,automated,,,"evidence.json, visual/visual_manifest.json"
action:soundcloud,soundcloud,action,SoundCloud…,,UI-PQ-SC-001,Functional Workflow Qualification,covered,automated,,,"evidence.json, business_workflow_manifest.json"
action:soundcloud_forensic_upload_copy,soundcloud,action,SoundCloud Forensic Upload Copy…,,UI-PQ-SC-001,Functional Workflow Qualification,covered,automated,,,"evidence.json, business_workflow_manifest.json"
action:new_profile,startup_profile,action,New Profile…,,UI-PQ-SMOKE-001,UI Reachability Qualification,covered,automated,,,"evidence.json, ui_inventory.json"
action:open_profile,startup_profile,action,Open Profile…,,UI-PQ-SMOKE-001,UI Reachability Qualification,covered,automated,,,"evidence.json, ui_inventory.json"
action:profile_maintenance,startup_profile,action,Profile Maintenance,,UI-PQ-SMOKE-001,UI Reachability Qualification,covered,automated,,,"evidence.json, ui_inventory.json"
action:profiles,startup_profile,action,Profiles,,UI-PQ-SMOKE-001,UI Reachability Qualification,covered,automated,,,"evidence.json, ui_inventory.json"
action:profiles:202,startup_profile,action,Profiles,,UI-PQ-SMOKE-001,UI Reachability Qualification,covered,automated,,,"evidence.json, ui_inventory.json"
action:reload_profile_list,startup_profile,action,Reload Profile List,,UI-PQ-SMOKE-001,UI Reachability Qualification,covered,automated,,,"evidence.json, ui_inventory.json"
action:remove_selected_profile,startup_profile,action,Remove Selected Profile…,,UI-PQ-SMOKE-001,UI Reachability Qualification,covered,automated,,,"evidence.json, ui_inventory.json"
action:show_profiles_ribbon,startup_profile,action,Show Profiles Ribbon,,UI-PQ-SMOKE-001,UI Reachability Qualification,covered,automated,,,"evidence.json, ui_inventory.json"
button:actionribbonbuttonqualitydashboard,startup_profile,button,Data Quality Dashboard,actionRibbonButtonQualityDashboard,UI-PQ-SMOKE-001,UI Reachability Qualification,covered,automated,,,"evidence.json, ui_inventory.json"
button:mainwindow_qpushbutton_1,startup_profile,button,New…,mainWindow_qPushButton_1,UI-PQ-SMOKE-001,UI Reachability Qualification,covered,automated,,,"evidence.json, ui_inventory.json"
button:mainwindow_qpushbutton_2,startup_profile,button,Browse…,mainWindow_qPushButton_2,UI-PQ-SMOKE-001,UI Reachability Qualification,covered,automated,,,"evidence.json, ui_inventory.json"
button:mainwindow_qpushbutton_3,startup_profile,button,Reload List,mainWindow_qPushButton_3,UI-PQ-SMOKE-001,UI Reachability Qualification,covered,automated,,,"evidence.json, ui_inventory.json"
button:mainwindow_qpushbutton_4,startup_profile,button,Remove…,mainWindow_qPushButton_4,UI-PQ-SMOKE-001,UI Reachability Qualification,covered,automated,,,"evidence.json, ui_inventory.json"
button:qt_toolbar_ext_button:322,startup_profile,button,qt_toolbar_ext_button,qt_toolbar_ext_button,UI-PQ-SMOKE-001,UI Reachability Qualification,covered,automated,,,"evidence.json, ui_inventory.json"
field:profile_combo,startup_profile,field,profile_combo,profile_combo,UI-PQ-SMOKE-001,UI Reachability Qualification,covered,automated,,,"evidence.json, ui_inventory.json"
menu:mainwindow_qmenu_2,startup_profile,menu,Profiles,mainWindow_qMenu_2,UI-PQ-SMOKE-001,UI Reachability Qualification,covered,automated,,,"evidence.json, ui_inventory.json"
menu:mainwindow_qmenu_3,startup_profile,menu,Profile Maintenance,mainWindow_qMenu_3,UI-PQ-SMOKE-001,UI Reachability Qualification,covered,automated,,,"evidence.json, ui_inventory.json"
toolbar:profilestoolbar,startup_profile,toolbar,Profiles,profilesToolbar,UI-PQ-SMOKE-001,UI Reachability Qualification,covered,automated,,,"evidence.json, ui_inventory.json"
action:action_ribbon,unknown,action,Action Ribbon,,UI-PQ-MENU-001,UI Inventory Qualification,covered,automated,classification follow-up required for unknown items,Unknown items are deviations until assigned to a UI area.,"ui_inventory.json, traceability_matrix.csv"
action:add_custom_column,unknown,action,Add Custom Column…,,UI-PQ-MENU-001,UI Inventory Qualification,covered,automated,classification follow-up required for unknown items,Unknown items are deviations until assigned to a UI area.,"ui_inventory.json, traceability_matrix.csv"
action:add_layout,unknown,action,Add Layout,,UI-PQ-MENU-001,UI Inventory Qualification,covered,automated,classification follow-up required for unknown items,Unknown items are deviations until assigned to a UI area.,"ui_inventory.json, traceability_matrix.csv"
action:allow_column_reordering,unknown,action,Allow Column Reordering,,UI-PQ-MENU-001,UI Inventory Qualification,covered,automated,classification follow-up required for unknown items,Unknown items are deviations until assigned to a UI area.,"ui_inventory.json, traceability_matrix.csv"
action:application_storage_admin,unknown,action,Application Storage Admin…,,UI-PQ-MENU-001,UI Inventory Qualification,covered,automated,classification follow-up required for unknown items,Unknown items are deviations until assigned to a UI area.,"ui_inventory.json, traceability_matrix.csv"
action:april,unknown,action,April,,UI-PQ-MENU-001,UI Inventory Qualification,covered,automated,classification follow-up required for unknown items,Unknown items are deviations until assigned to a UI area.,"ui_inventory.json, traceability_matrix.csv"
action:august,unknown,action,August,,UI-PQ-MENU-001,UI Inventory Qualification,covered,automated,classification follow-up required for unknown items,Unknown items are deviations until assigned to a UI area.,"ui_inventory.json, traceability_matrix.csv"
action:browse_review,unknown,action,Browse / Review,,UI-PQ-MENU-001,UI Inventory Qualification,covered,automated,classification follow-up required for unknown items,Unknown items are deviations until assigned to a UI area.,"ui_inventory.json, traceability_matrix.csv"
action:buma_wnr,unknown,action,BUMA Wnr.,,UI-PQ-MENU-001,UI Inventory Qualification,covered,automated,classification follow-up required for unknown items,Unknown items are deviations until assigned to a UI area.,"ui_inventory.json, traceability_matrix.csv"
action:buma_wnr:58,unknown,action,BUMA Wnr.,,UI-PQ-MENU-001,UI Inventory Qualification,covered,automated,classification follow-up required for unknown items,Unknown items are deviations until assigned to a UI area.,"ui_inventory.json, traceability_matrix.csv"
action:buma_wnr:74,unknown,action,BUMA Wnr.,,UI-PQ-MENU-001,UI Inventory Qualification,covered,automated,classification follow-up required for unknown items,Unknown items are deviations until assigned to a UI area.,"ui_inventory.json, traceability_matrix.csv"
action:columns,unknown,action,Columns,,UI-PQ-MENU-001,UI Inventory Qualification,covered,automated,classification follow-up required for unknown items,Unknown items are deviations until assigned to a UI area.,"ui_inventory.json, traceability_matrix.csv"
action:conversion,unknown,action,Conversion…,,UI-PQ-MENU-001,UI Inventory Qualification,covered,automated,classification follow-up required for unknown items,Unknown items are deviations until assigned to a UI area.,"ui_inventory.json, traceability_matrix.csv"
action:copy,unknown,action,Copy,,UI-PQ-MENU-001,UI Inventory Qualification,covered,automated,classification follow-up required for unknown items,Unknown items are deviations until assigned to a UI area.,"ui_inventory.json, traceability_matrix.csv"
action:copy_with_headers,unknown,action,Copy with Headers,,UI-PQ-MENU-001,UI Inventory Qualification,covered,automated,classification follow-up required for unknown items,Unknown items are deviations until assigned to a UI area.,"ui_inventory.json, traceability_matrix.csv"
action:create_maintain,unknown,action,Create / Maintain,,UI-PQ-MENU-001,UI Inventory Qualification,covered,automated,classification follow-up required for unknown items,Unknown items are deviations until assigned to a UI area.,"ui_inventory.json, traceability_matrix.csv"
action:current_scope,unknown,action,Current Scope,,UI-PQ-MENU-001,UI Inventory Qualification,covered,automated,classification follow-up required for unknown items,Unknown items are deviations until assigned to a UI area.,"ui_inventory.json, traceability_matrix.csv"
action:customize_action_ribbon,unknown,action,Customize Action Ribbon…,,UI-PQ-MENU-001,UI Inventory Qualification,covered,automated,classification follow-up required for unknown items,Unknown items are deviations until assigned to a UI area.,"ui_inventory.json, traceability_matrix.csv"
action:data_quality_dashboard,unknown,action,Data Quality Dashboard…,,UI-PQ-MENU-001,UI Inventory Qualification,covered,automated,classification follow-up required for unknown items,Unknown items are deviations until assigned to a UI area.,"ui_inventory.json, traceability_matrix.csv"
action:december,unknown,action,December,,UI-PQ-MENU-001,UI Inventory Qualification,covered,automated,classification follow-up required for unknown items,Unknown items are deviations until assigned to a UI area.,"ui_inventory.json, traceability_matrix.csv"
action:delete_layout,unknown,action,Delete Layout,,UI-PQ-MENU-001,UI Inventory Qualification,covered,automated,classification follow-up required for unknown items,Unknown items are deviations until assigned to a UI area.,"ui_inventory.json, traceability_matrix.csv"
action:delivery_conversion,unknown,action,Delivery  Conversion,,UI-PQ-MENU-001,UI Inventory Qualification,covered,automated,classification follow-up required for unknown items,Unknown items are deviations until assigned to a UI area.,"ui_inventory.json, traceability_matrix.csv"
action:edit,unknown,action,Edit,,UI-PQ-MENU-001,UI Inventory Qualification,covered,automated,classification follow-up required for unknown items,Unknown items are deviations until assigned to a UI area.,"ui_inventory.json, traceability_matrix.csv"
action:edit_column_widths,unknown,action,Edit Column Widths,,UI-PQ-MENU-001,UI Inventory Qualification,covered,automated,classification follow-up required for unknown items,Unknown items are deviations until assigned to a UI area.,"ui_inventory.json, traceability_matrix.csv"
action:edit_row_heights,unknown,action,Edit Row Heights,,UI-PQ-MENU-001,UI Inventory Qualification,covered,automated,classification follow-up required for unknown items,Unknown items are deviations until assigned to a UI area.,"ui_inventory.json, traceability_matrix.csv"
action:edit_selected,unknown,action,Edit Selected…,,UI-PQ-MENU-001,UI Inventory Qualification,covered,automated,classification follow-up required for unknown items,Unknown items are deviations until assigned to a UI area.,"ui_inventory.json, traceability_matrix.csv"
action:entry_date,unknown,action,Entry Date,,UI-PQ-MENU-001,UI Inventory Qualification,covered,automated,classification follow-up required for unknown items,Unknown items are deviations until assigned to a UI area.,"ui_inventory.json, traceability_matrix.csv"
action:entry_date:62,unknown,action,Entry Date,,UI-PQ-MENU-001,UI Inventory Qualification,covered,automated,classification follow-up required for unknown items,Unknown items are deviations until assigned to a UI area.,"ui_inventory.json, traceability_matrix.csv"
action:entry_date:78,unknown,action,Entry Date,,UI-PQ-MENU-001,UI Inventory Qualification,covered,automated,classification follow-up required for unknown items,Unknown items are deviations until assigned to a UI area.,"ui_inventory.json, traceability_matrix.csv"
action:february,unknown,action,February,,UI-PQ-MENU-001,UI Inventory Qualification,covered,automated,classification follow-up required for unknown items,Unknown items are deviations until assigned to a UI area.,"ui_inventory.json, traceability_matrix.csv"
action:file,unknown,action,File,,UI-PQ-MENU-001,UI Inventory Qualification,covered,automated,classification follow-up required for unknown items,Unknown items are deviations until assigned to a UI area.,"ui_inventory.json, traceability_matrix.csv"
action:genre,unknown,action,Genre,,UI-PQ-MENU-001,UI Inventory Qualification,covered,automated,classification follow-up required for unknown items,Unknown items are deviations until assigned to a UI area.,"ui_inventory.json, traceability_matrix.csv"
action:genre:64,unknown,action,Genre,,UI-PQ-MENU-001,UI Inventory Qualification,covered,automated,classification follow-up required for unknown items,Unknown items are deviations until assigned to a UI area.,"ui_inventory.json, traceability_matrix.csv"
action:genre:80,unknown,action,Genre,,UI-PQ-MENU-001,UI Inventory Qualification,covered,automated,classification follow-up required for unknown items,Unknown items are deviations until assigned to a UI area.,"ui_inventory.json, traceability_matrix.csv"
action:id,unknown,action,ID,,UI-PQ-MENU-001,UI Inventory Qualification,covered,automated,classification follow-up required for unknown items,Unknown items are deviations until assigned to a UI area.,"ui_inventory.json, traceability_matrix.csv"
action:id:49,unknown,action,ID,,UI-PQ-MENU-001,UI Inventory Qualification,covered,automated,classification follow-up required for unknown items,Unknown items are deviations until assigned to a UI area.,"ui_inventory.json, traceability_matrix.csv"
action:id:65,unknown,action,ID,,UI-PQ-MENU-001,UI Inventory Qualification,covered,automated,classification follow-up required for unknown items,Unknown items are deviations until assigned to a UI area.,"ui_inventory.json, traceability_matrix.csv"
action:isrc,unknown,action,ISRC,,UI-PQ-MENU-001,UI Inventory Qualification,covered,automated,classification follow-up required for unknown items,Unknown items are deviations until assigned to a UI area.,"ui_inventory.json, traceability_matrix.csv"
action:isrc:57,unknown,action,ISRC,,UI-PQ-MENU-001,UI Inventory Qualification,covered,automated,classification follow-up required for unknown items,Unknown items are deviations until assigned to a UI area.,"ui_inventory.json, traceability_matrix.csv"
action:isrc:73,unknown,action,ISRC,,UI-PQ-MENU-001,UI Inventory Qualification,covered,automated,classification follow-up required for unknown items,Unknown items are deviations until assigned to a UI area.,"ui_inventory.json, traceability_matrix.csv"
action:iswc,unknown,action,ISWC,,UI-PQ-MENU-001,UI Inventory Qualification,covered,automated,classification follow-up required for unknown items,Unknown items are deviations until assigned to a UI area.,"ui_inventory.json, traceability_matrix.csv"
action:iswc:59,unknown,action,ISWC,,UI-PQ-MENU-001,UI Inventory Qualification,covered,automated,classification follow-up required for unknown items,Unknown items are deviations until assigned to a UI area.,"ui_inventory.json, traceability_matrix.csv"
action:iswc:75,unknown,action,ISWC,,UI-PQ-MENU-001,UI Inventory Qualification,covered,automated,classification follow-up required for unknown items,Unknown items are deviations until assigned to a UI area.,"ui_inventory.json, traceability_matrix.csv"
action:january,unknown,action,January,,UI-PQ-MENU-001,UI Inventory Qualification,covered,automated,classification follow-up required for unknown items,Unknown items are deviations until assigned to a UI area.,"ui_inventory.json, traceability_matrix.csv"
action:july,unknown,action,July,,UI-PQ-MENU-001,UI Inventory Qualification,covered,automated,classification follow-up required for unknown items,Unknown items are deviations until assigned to a UI area.,"ui_inventory.json, traceability_matrix.csv"
action:june,unknown,action,June,,UI-PQ-MENU-001,UI Inventory Qualification,covered,automated,classification follow-up required for unknown items,Unknown items are deviations until assigned to a UI area.,"ui_inventory.json, traceability_matrix.csv"
action:layout,unknown,action,Layout,,UI-PQ-MENU-001,UI Inventory Qualification,covered,automated,classification follow-up required for unknown items,Unknown items are deviations until assigned to a UI area.,"ui_inventory.json, traceability_matrix.csv"
action:manage_custom_columns,unknown,action,Manage Custom Columns…,,UI-PQ-MENU-001,UI Inventory Qualification,covered,automated,classification follow-up required for unknown items,Unknown items are deviations until assigned to a UI area.,"ui_inventory.json, traceability_matrix.csv"
action:march,unknown,action,March,,UI-PQ-MENU-001,UI Inventory Qualification,covered,automated,classification follow-up required for unknown items,Unknown items are deviations until assigned to a UI area.,"ui_inventory.json, traceability_matrix.csv"
action:may,unknown,action,May,,UI-PQ-MENU-001,UI Inventory Qualification,covered,automated,classification follow-up required for unknown items,Unknown items are deviations until assigned to a UI area.,"ui_inventory.json, traceability_matrix.csv"
action:metadata_standards,unknown,action,Metadata  Standards,,UI-PQ-MENU-001,UI Inventory Qualification,covered,automated,classification follow-up required for unknown items,Unknown items are deviations until assigned to a UI area.,"ui_inventory.json, traceability_matrix.csv"
action:november,unknown,action,November,,UI-PQ-MENU-001,UI Inventory Qualification,covered,automated,classification follow-up required for unknown items,Unknown items are deviations until assigned to a UI area.,"ui_inventory.json, traceability_matrix.csv"
action:october,unknown,action,October,,UI-PQ-MENU-001,UI Inventory Qualification,covered,automated,classification follow-up required for unknown items,Unknown items are deviations until assigned to a UI area.,"ui_inventory.json, traceability_matrix.csv"
action:open_data_folder,unknown,action,Open Data Folder…,,UI-PQ-MENU-001,UI Inventory Qualification,covered,automated,classification follow-up required for unknown items,Unknown items are deviations until assigned to a UI area.,"ui_inventory.json, traceability_matrix.csv"
action:parties,unknown,action,Parties,,UI-PQ-MENU-001,UI Inventory Qualification,covered,automated,classification follow-up required for unknown items,Unknown items are deviations until assigned to a UI area.,"ui_inventory.json, traceability_matrix.csv"
action:parties:14,unknown,action,Parties,,UI-PQ-MENU-001,UI Inventory Qualification,covered,automated,classification follow-up required for unknown items,Unknown items are deviations until assigned to a UI area.,"ui_inventory.json, traceability_matrix.csv"
action:publish,unknown,action,Publish,,UI-PQ-MENU-001,UI Inventory Qualification,covered,automated,classification follow-up required for unknown items,Unknown items are deviations until assigned to a UI area.,"ui_inventory.json, traceability_matrix.csv"
action:quit,unknown,action,Quit,,UI-PQ-MENU-001,UI Inventory Qualification,covered,automated,classification follow-up required for unknown items,Unknown items are deviations until assigned to a UI area.,"ui_inventory.json, traceability_matrix.csv"
action:remove_custom_column,unknown,action,Remove Custom Column…,,UI-PQ-MENU-001,UI Inventory Qualification,covered,automated,classification follow-up required for unknown items,Unknown items are deviations until assigned to a UI area.,"ui_inventory.json, traceability_matrix.csv"
action:saved_layouts,unknown,action,Saved Layouts,,UI-PQ-MENU-001,UI Inventory Qualification,covered,automated,classification follow-up required for unknown items,Unknown items are deviations until assigned to a UI area.,"ui_inventory.json, traceability_matrix.csv"
action:selected_parties,unknown,action,Selected Parties,,UI-PQ-MENU-001,UI Inventory Qualification,covered,automated,classification follow-up required for unknown items,Unknown items are deviations until assigned to a UI area.,"ui_inventory.json, traceability_matrix.csv"
action:september,unknown,action,September,,UI-PQ-MENU-001,UI Inventory Qualification,covered,automated,classification follow-up required for unknown items,Unknown items are deviations until assigned to a UI area.,"ui_inventory.json, traceability_matrix.csv"
action:show_action_ribbon,unknown,action,Show Action Ribbon,,UI-PQ-MENU-001,UI Inventory Qualification,covered,automated,classification follow-up required for unknown items,Unknown items are deviations until assigned to a UI area.,"ui_inventory.json, traceability_matrix.csv"
action:upc,unknown,action,UPC,,UI-PQ-MENU-001,UI Inventory Qualification,covered,automated,classification follow-up required for unknown items,Unknown items are deviations until assigned to a UI area.,"ui_inventory.json, traceability_matrix.csv"
action:upc:60,unknown,action,UPC,,UI-PQ-MENU-001,UI Inventory Qualification,covered,automated,classification follow-up required for unknown items,Unknown items are deviations until assigned to a UI area.,"ui_inventory.json, traceability_matrix.csv"
action:upc:76,unknown,action,UPC,,UI-PQ-MENU-001,UI Inventory Qualification,covered,automated,classification follow-up required for unknown items,Unknown items are deviations until assigned to a UI area.,"ui_inventory.json, traceability_matrix.csv"
action:view,unknown,action,View,,UI-PQ-MENU-001,UI Inventory Qualification,covered,automated,classification follow-up required for unknown items,Unknown items are deviations until assigned to a UI area.,"ui_inventory.json, traceability_matrix.csv"
button:actionribbonbuttoncustomizeactionribbon,unknown,button,Customize Action Ribbon,actionRibbonButtonCustomizeActionRibbon,UI-PQ-MENU-001,UI Inventory Qualification,covered,automated,classification follow-up required for unknown items,Unknown items are deviations until assigned to a UI area.,"ui_inventory.json, traceability_matrix.csv"
button:cancel_button,unknown,button,Clear Draft,cancel_button,UI-PQ-MENU-001,UI Inventory Qualification,covered,automated,classification follow-up required for unknown items,Unknown items are deviations until assigned to a UI area.,"ui_inventory.json, traceability_matrix.csv"
button:edit_button,unknown,button,Edit Selected,edit_button,UI-PQ-MENU-001,UI Inventory Qualification,covered,automated,classification follow-up required for unknown items,Unknown items are deviations until assigned to a UI area.,"ui_inventory.json, traceability_matrix.csv"
button:mainwindow_qpushbutton_5,unknown,button,Generate,mainWindow_qPushButton_5,UI-PQ-MENU-001,UI Inventory Qualification,covered,automated,classification follow-up required for unknown items,Unknown items are deviations until assigned to a UI area.,"ui_inventory.json, traceability_matrix.csv"
button:qt_calendar_monthbutton,unknown,button,June,qt_calendar_monthbutton,UI-PQ-MENU-001,UI Inventory Qualification,covered,automated,classification follow-up required for unknown items,Unknown items are deviations until assigned to a UI area.,"ui_inventory.json, traceability_matrix.csv"
button:qt_calendar_nextmonth,unknown,button,qt_calendar_nextmonth,qt_calendar_nextmonth,UI-PQ-MENU-001,UI Inventory Qualification,covered,automated,classification follow-up required for unknown items,Unknown items are deviations until assigned to a UI area.,"ui_inventory.json, traceability_matrix.csv"
button:qt_calendar_prevmonth,unknown,button,qt_calendar_prevmonth,qt_calendar_prevmonth,UI-PQ-MENU-001,UI Inventory Qualification,covered,automated,classification follow-up required for unknown items,Unknown items are deviations until assigned to a UI area.,"ui_inventory.json, traceability_matrix.csv"
button:qt_calendar_yearbutton,unknown,button,2026,qt_calendar_yearbutton,UI-PQ-MENU-001,UI Inventory Qualification,covered,automated,classification follow-up required for unknown items,Unknown items are deviations until assigned to a UI area.,"ui_inventory.json, traceability_matrix.csv"
button:qt_dockwidget_closebutton,unknown,button,qt_dockwidget_closebutton,qt_dockwidget_closebutton,UI-PQ-MENU-001,UI Inventory Qualification,covered,automated,classification follow-up required for unknown items,Unknown items are deviations until assigned to a UI area.,"ui_inventory.json, traceability_matrix.csv"
button:qt_dockwidget_floatbutton,unknown,button,qt_dockwidget_floatbutton,qt_dockwidget_floatbutton,UI-PQ-MENU-001,UI Inventory Qualification,covered,automated,classification follow-up required for unknown items,Unknown items are deviations until assigned to a UI area.,"ui_inventory.json, traceability_matrix.csv"
button:qt_menubar_ext_button,unknown,button,qt_menubar_ext_button,qt_menubar_ext_button,UI-PQ-MENU-001,UI Inventory Qualification,covered,automated,classification follow-up required for unknown items,Unknown items are deviations until assigned to a UI area.,"ui_inventory.json, traceability_matrix.csv"
button:qt_tableview_cornerbutton,unknown,button,qt_tableview_cornerbutton,qt_tableview_cornerbutton,UI-PQ-MENU-001,UI Inventory Qualification,covered,automated,classification follow-up required for unknown items,Unknown items are deviations until assigned to a UI area.,"ui_inventory.json, traceability_matrix.csv"
button:qt_tableview_cornerbutton:379,unknown,button,qt_tableview_cornerbutton,qt_tableview_cornerbutton,UI-PQ-MENU-001,UI Inventory Qualification,covered,automated,classification follow-up required for unknown items,Unknown items are deviations until assigned to a UI area.,"ui_inventory.json, traceability_matrix.csv"
button:qt_toolbar_ext_button,unknown,button,qt_toolbar_ext_button,qt_toolbar_ext_button,UI-PQ-MENU-001,UI Inventory Qualification,covered,automated,classification follow-up required for unknown items,Unknown items are deviations until assigned to a UI area.,"ui_inventory.json, traceability_matrix.csv"
button:savedlayoutaddbutton,unknown,button,Save Layout,savedLayoutAddButton,UI-PQ-MENU-001,UI Inventory Qualification,covered,automated,classification follow-up required for unknown items,Unknown items are deviations until assigned to a UI area.,"ui_inventory.json, traceability_matrix.csv"
button:savedlayoutdeletebutton,unknown,button,Delete Layout,savedLayoutDeleteButton,UI-PQ-MENU-001,UI Inventory Qualification,covered,automated,classification follow-up required for unknown items,Unknown items are deviations until assigned to a UI area.,"ui_inventory.json, traceability_matrix.csv"
button:scrollleftbutton,unknown,button,ScrollLeftButton,ScrollLeftButton,UI-PQ-MENU-001,UI Inventory Qualification,covered,automated,classification follow-up required for unknown items,Unknown items are deviations until assigned to a UI area.,"ui_inventory.json, traceability_matrix.csv"
field:genre_field,unknown,field,genre_field,genre_field,UI-PQ-MENU-001,UI Inventory Qualification,covered,automated,classification follow-up required for unknown items,Unknown items are deviations until assigned to a UI area.,"ui_inventory.json, traceability_matrix.csv"
field:iswc_field,unknown,field,iswc_field,iswc_field,UI-PQ-MENU-001,UI Inventory Qualification,covered,automated,classification follow-up required for unknown items,Unknown items are deviations until assigned to a UI area.,"ui_inventory.json, traceability_matrix.csv"
field:mainwindow_qcombobox_1,unknown,field,mainWindow_qComboBox_1,mainWindow_qComboBox_1,UI-PQ-MENU-001,UI Inventory Qualification,covered,automated,classification follow-up required for unknown items,Unknown items are deviations until assigned to a UI area.,"ui_inventory.json, traceability_matrix.csv"
field:mainwindow_qcombobox_2,unknown,field,mainWindow_qComboBox_2,mainWindow_qComboBox_2,UI-PQ-MENU-001,UI Inventory Qualification,covered,automated,classification follow-up required for unknown items,Unknown items are deviations until assigned to a UI area.,"ui_inventory.json, traceability_matrix.csv"
field:mainwindow_qlineedit_1,unknown,field,mainWindow_qLineEdit_1,mainWindow_qLineEdit_1,UI-PQ-MENU-001,UI Inventory Qualification,covered,automated,classification follow-up required for unknown items,Unknown items are deviations until assigned to a UI area.,"ui_inventory.json, traceability_matrix.csv"
field:mainwindow_qlineedit_2,unknown,field,mainWindow_qLineEdit_2,mainWindow_qLineEdit_2,UI-PQ-MENU-001,UI Inventory Qualification,covered,automated,classification follow-up required for unknown items,Unknown items are deviations until assigned to a UI area.,"ui_inventory.json, traceability_matrix.csv"
field:mainwindow_qlineedit_6,unknown,field,mainWindow_qLineEdit_6,mainWindow_qLineEdit_6,UI-PQ-MENU-001,UI Inventory Qualification,covered,automated,classification follow-up required for unknown items,Unknown items are deviations until assigned to a UI area.,"ui_inventory.json, traceability_matrix.csv"
field:qt_spinbox_lineedit:391,unknown,field,2026,qt_spinbox_lineedit,UI-PQ-MENU-001,UI Inventory Qualification,covered,automated,classification follow-up required for unknown items,Unknown items are deviations until assigned to a UI area.,"ui_inventory.json, traceability_matrix.csv"
field:savedlayoutselector,unknown,field,savedLayoutSelector,savedLayoutSelector,UI-PQ-MENU-001,UI Inventory Qualification,covered,automated,classification follow-up required for unknown items,Unknown items are deviations until assigned to a UI area.,"ui_inventory.json, traceability_matrix.csv"
field:upc_field,unknown,field,upc_field,upc_field,UI-PQ-MENU-001,UI Inventory Qualification,covered,automated,classification follow-up required for unknown items,Unknown items are deviations until assigned to a UI area.,"ui_inventory.json, traceability_matrix.csv"
menu:columns_menu,unknown,menu,Columns,columns_menu,UI-PQ-MENU-001,UI Inventory Qualification,covered,automated,classification follow-up required for unknown items,Unknown items are deviations until assigned to a UI area.,"ui_inventory.json, traceability_matrix.csv"
menu:layout_menu,unknown,menu,Layout,layout_menu,UI-PQ-MENU-001,UI Inventory Qualification,covered,automated,classification follow-up required for unknown items,Unknown items are deviations until assigned to a UI area.,"ui_inventory.json, traceability_matrix.csv"
menu:mainwindow_qmenu_1,unknown,menu,File,mainWindow_qMenu_1,UI-PQ-MENU-001,UI Inventory Qualification,covered,automated,classification follow-up required for unknown items,Unknown items are deviations until assigned to a UI area.,"ui_inventory.json, traceability_matrix.csv"
menu:mainwindow_qmenu_15,unknown,menu,Selected Parties,mainWindow_qMenu_15,UI-PQ-MENU-001,UI Inventory Qualification,covered,automated,classification follow-up required for unknown items,Unknown items are deviations until assigned to a UI area.,"ui_inventory.json, traceability_matrix.csv"
menu:mainwindow_qmenu_18,unknown,menu,Edit,mainWindow_qMenu_18,UI-PQ-MENU-001,UI Inventory Qualification,covered,automated,classification follow-up required for unknown items,Unknown items are deviations until assigned to a UI area.,"ui_inventory.json, traceability_matrix.csv"
menu:mainwindow_qmenu_1:265,unknown,menu,mainWindow_qMenu_1,mainWindow_qMenu_1,UI-PQ-MENU-001,UI Inventory Qualification,covered,automated,classification follow-up required for unknown items,Unknown items are deviations until assigned to a UI area.,"ui_inventory.json, traceability_matrix.csv"
menu:mainwindow_qmenu_33,unknown,menu,mainWindow_qMenu_33,mainWindow_qMenu_33,UI-PQ-MENU-001,UI Inventory Qualification,covered,automated,classification follow-up required for unknown items,Unknown items are deviations until assigned to a UI area.,"ui_inventory.json, traceability_matrix.csv"
menu:saved_layouts_menu,unknown,menu,Saved Layouts,saved_layouts_menu,UI-PQ-MENU-001,UI Inventory Qualification,covered,automated,classification follow-up required for unknown items,Unknown items are deviations until assigned to a UI area.,"ui_inventory.json, traceability_matrix.csv"
menu:view_menu,unknown,menu,View,view_menu,UI-PQ-MENU-001,UI Inventory Qualification,covered,automated,classification follow-up required for unknown items,Unknown items are deviations until assigned to a UI area.,"ui_inventory.json, traceability_matrix.csv"
tab_page:adddatatabs_tab_0,unknown,tab_page,Governance,addDataTabs_tab_0,UI-PQ-MENU-001,UI Inventory Qualification,covered,automated,classification follow-up required for unknown items,Unknown items are deviations until assigned to a UI area.,"ui_inventory.json, traceability_matrix.csv"
tab_page:adddatatabs_tab_3,unknown,tab_page,Codes,addDataTabs_tab_3,UI-PQ-MENU-001,UI Inventory Qualification,covered,automated,classification follow-up required for unknown items,Unknown items are deviations until assigned to a UI area.,"ui_inventory.json, traceability_matrix.csv"
tabs:adddatatabs,unknown,tabs,addDataTabs,addDataTabs,UI-PQ-MENU-001,UI Inventory Qualification,covered,automated,classification follow-up required for unknown items,Unknown items are deviations until assigned to a UI area.,"ui_inventory.json, traceability_matrix.csv"
toolbar:actionribbontoolbar,unknown,toolbar,Action Ribbon,actionRibbonToolbar,UI-PQ-MENU-001,UI Inventory Qualification,covered,automated,classification follow-up required for unknown items,Unknown items are deviations until assigned to a UI area.,"ui_inventory.json, traceability_matrix.csv"
view:mainwindow_qcomboboxlistview_10,unknown,view,mainWindow_qComboBoxListView_10,mainWindow_qComboBoxListView_10,UI-PQ-MENU-001,UI Inventory Qualification,covered,automated,classification follow-up required for unknown items,Unknown items are deviations until assigned to a UI area.,"ui_inventory.json, traceability_matrix.csv"
view:mainwindow_qcomboboxlistview_11,unknown,view,mainWindow_qComboBoxListView_11,mainWindow_qComboBoxListView_11,UI-PQ-MENU-001,UI Inventory Qualification,covered,automated,classification follow-up required for unknown items,Unknown items are deviations until assigned to a UI area.,"ui_inventory.json, traceability_matrix.csv"
view:mainwindow_qcomboboxlistview_12,unknown,view,mainWindow_qComboBoxListView_12,mainWindow_qComboBoxListView_12,UI-PQ-MENU-001,UI Inventory Qualification,covered,automated,classification follow-up required for unknown items,Unknown items are deviations until assigned to a UI area.,"ui_inventory.json, traceability_matrix.csv"
view:mainwindow_qcomboboxlistview_13,unknown,view,mainWindow_qComboBoxListView_13,mainWindow_qComboBoxListView_13,UI-PQ-MENU-001,UI Inventory Qualification,covered,automated,classification follow-up required for unknown items,Unknown items are deviations until assigned to a UI area.,"ui_inventory.json, traceability_matrix.csv"
view:mainwindow_qcomboboxlistview_14,unknown,view,mainWindow_qComboBoxListView_14,mainWindow_qComboBoxListView_14,UI-PQ-MENU-001,UI Inventory Qualification,covered,automated,classification follow-up required for unknown items,Unknown items are deviations until assigned to a UI area.,"ui_inventory.json, traceability_matrix.csv"
view:mainwindow_qcomboboxlistview_2,unknown,view,mainWindow_qComboBoxListView_2,mainWindow_qComboBoxListView_2,UI-PQ-MENU-001,UI Inventory Qualification,covered,automated,classification follow-up required for unknown items,Unknown items are deviations until assigned to a UI area.,"ui_inventory.json, traceability_matrix.csv"
view:mainwindow_qcomboboxlistview_3,unknown,view,mainWindow_qComboBoxListView_3,mainWindow_qComboBoxListView_3,UI-PQ-MENU-001,UI Inventory Qualification,covered,automated,classification follow-up required for unknown items,Unknown items are deviations until assigned to a UI area.,"ui_inventory.json, traceability_matrix.csv"
view:mainwindow_qcomboboxlistview_4,unknown,view,mainWindow_qComboBoxListView_4,mainWindow_qComboBoxListView_4,UI-PQ-MENU-001,UI Inventory Qualification,covered,automated,classification follow-up required for unknown items,Unknown items are deviations until assigned to a UI area.,"ui_inventory.json, traceability_matrix.csv"
view:mainwindow_qcomboboxlistview_5,unknown,view,mainWindow_qComboBoxListView_5,mainWindow_qComboBoxListView_5,UI-PQ-MENU-001,UI Inventory Qualification,covered,automated,classification follow-up required for unknown items,Unknown items are deviations until assigned to a UI area.,"ui_inventory.json, traceability_matrix.csv"
view:mainwindow_qcomboboxlistview_6,unknown,view,mainWindow_qComboBoxListView_6,mainWindow_qComboBoxListView_6,UI-PQ-MENU-001,UI Inventory Qualification,covered,automated,classification follow-up required for unknown items,Unknown items are deviations until assigned to a UI area.,"ui_inventory.json, traceability_matrix.csv"
view:mainwindow_qcomboboxlistview_7,unknown,view,mainWindow_qComboBoxListView_7,mainWindow_qComboBoxListView_7,UI-PQ-MENU-001,UI Inventory Qualification,covered,automated,classification follow-up required for unknown items,Unknown items are deviations until assigned to a UI area.,"ui_inventory.json, traceability_matrix.csv"
view:mainwindow_qcomboboxlistview_8,unknown,view,mainWindow_qComboBoxListView_8,mainWindow_qComboBoxListView_8,UI-PQ-MENU-001,UI Inventory Qualification,covered,automated,classification follow-up required for unknown items,Unknown items are deviations until assigned to a UI area.,"ui_inventory.json, traceability_matrix.csv"
view:mainwindow_qcomboboxlistview_9,unknown,view,mainWindow_qComboBoxListView_9,mainWindow_qComboBoxListView_9,UI-PQ-MENU-001,UI Inventory Qualification,covered,automated,classification follow-up required for unknown items,Unknown items are deviations until assigned to a UI area.,"ui_inventory.json, traceability_matrix.csv"
view:mainwindow_qheaderview_1,unknown,view,mainWindow_qHeaderView_1,mainWindow_qHeaderView_1,UI-PQ-MENU-001,UI Inventory Qualification,covered,automated,classification follow-up required for unknown items,Unknown items are deviations until assigned to a UI area.,"ui_inventory.json, traceability_matrix.csv"
view:mainwindow_qheaderview_2,unknown,view,mainWindow_qHeaderView_2,mainWindow_qHeaderView_2,UI-PQ-MENU-001,UI Inventory Qualification,covered,automated,classification follow-up required for unknown items,Unknown items are deviations until assigned to a UI area.,"ui_inventory.json, traceability_matrix.csv"
view:mainwindow_qheaderview_3,unknown,view,mainWindow_qHeaderView_3,mainWindow_qHeaderView_3,UI-PQ-MENU-001,UI Inventory Qualification,covered,automated,classification follow-up required for unknown items,Unknown items are deviations until assigned to a UI area.,"ui_inventory.json, traceability_matrix.csv"
view:mainwindow_qheaderview_4,unknown,view,mainWindow_qHeaderView_4,mainWindow_qHeaderView_4,UI-PQ-MENU-001,UI Inventory Qualification,covered,automated,classification follow-up required for unknown items,Unknown items are deviations until assigned to a UI area.,"ui_inventory.json, traceability_matrix.csv"
action:check_for_updates,update_release,action,Check for Updates…,,UI-PQ-MISC-001,UI Inventory Qualification,pending_manual,pending,feature-specific workflow automation pending,,"traceability_matrix.csv, deviations.csv"
action:additional_artists,works_releases_parties,action,Additional Artists,,UI-PQ-REL-001,Relationship Qualification,covered,automated,,,"evidence.json, business_workflow_manifest.json"
action:additional_artists:56,works_releases_parties,action,Additional Artists,,UI-PQ-REL-001,Relationship Qualification,covered,automated,,,"evidence.json, business_workflow_manifest.json"
action:additional_artists:72,works_releases_parties,action,Additional Artists,,UI-PQ-REL-001,Relationship Qualification,covered,automated,,,"evidence.json, business_workflow_manifest.json"
action:artist_name,works_releases_parties,action,Artist Name,,UI-PQ-REL-001,Relationship Qualification,covered,automated,,,"evidence.json, business_workflow_manifest.json"
action:artist_name:55,works_releases_parties,action,Artist Name,,UI-PQ-REL-001,Relationship Qualification,covered,automated,,,"evidence.json, business_workflow_manifest.json"
action:artist_name:71,works_releases_parties,action,Artist Name,,UI-PQ-REL-001,Relationship Qualification,covered,automated,,,"evidence.json, business_workflow_manifest.json"
action:code_registry_workspace,works_releases_parties,action,Code Registry Workspace…,,UI-PQ-REL-001,Relationship Qualification,covered,automated,,,"evidence.json, business_workflow_manifest.json"
action:code_registry_workspace:221,works_releases_parties,action,Code Registry Workspace,,UI-PQ-REL-001,Relationship Qualification,covered,automated,,,"evidence.json, business_workflow_manifest.json"
action:contract_template_workspace,works_releases_parties,action,Contract Template Workspace…,,UI-PQ-REL-001,Relationship Qualification,covered,automated,,,"evidence.json, business_workflow_manifest.json"
action:contract_template_workspace:223,works_releases_parties,action,Contract Template Workspace,,UI-PQ-REL-001,Relationship Qualification,covered,automated,,,"evidence.json, business_workflow_manifest.json"
action:create_release_from_selection,works_releases_parties,action,Create Release from Selection…,,UI-PQ-REL-001,Relationship Qualification,covered,automated,,,"evidence.json, business_workflow_manifest.json"
action:invoice_workspace,works_releases_parties,action,Invoice Workspace…,,UI-PQ-REL-001,Relationship Qualification,covered,automated,,,"evidence.json, business_workflow_manifest.json"
action:party_manager,works_releases_parties,action,Party Manager…,,UI-PQ-REL-001,Relationship Qualification,covered,automated,,,"evidence.json, business_workflow_manifest.json"
action:party_manager:219,works_releases_parties,action,Party Manager,,UI-PQ-REL-001,Relationship Qualification,covered,automated,,,"evidence.json, business_workflow_manifest.json"
action:release_browser,works_releases_parties,action,Release Browser…,,UI-PQ-REL-001,Relationship Qualification,covered,automated,,,"evidence.json, business_workflow_manifest.json"
action:release_browser:216,works_releases_parties,action,Release Browser,,UI-PQ-REL-001,Relationship Qualification,covered,automated,,,"evidence.json, business_workflow_manifest.json"
action:release_date,works_releases_parties,action,Release Date,,UI-PQ-REL-001,Relationship Qualification,covered,automated,,,"evidence.json, business_workflow_manifest.json"
action:release_date:63,works_releases_parties,action,Release Date,,UI-PQ-REL-001,Relationship Qualification,covered,automated,,,"evidence.json, business_workflow_manifest.json"
action:release_date:79,works_releases_parties,action,Release Date,,UI-PQ-REL-001,Relationship Qualification,covered,automated,,,"evidence.json, business_workflow_manifest.json"
action:royalties_accounting,works_releases_parties,action,Royalties  Accounting,,UI-PQ-REL-001,Relationship Qualification,covered,automated,,,"evidence.json, business_workflow_manifest.json"
action:work_manager,works_releases_parties,action,Work Manager…,,UI-PQ-REL-001,Relationship Qualification,covered,automated,,,"evidence.json, business_workflow_manifest.json"
action:work_manager:217,works_releases_parties,action,Work Manager,,UI-PQ-REL-001,Relationship Qualification,covered,automated,,,"evidence.json, business_workflow_manifest.json"
action:workspace,works_releases_parties,action,Workspace,,UI-PQ-REL-001,Relationship Qualification,covered,automated,,,"evidence.json, business_workflow_manifest.json"
button:add_data_clear_work_context_button,works_releases_parties,button,Open Work Manager,add_data_clear_work_context_button,UI-PQ-REL-001,Relationship Qualification,covered,automated,,,"evidence.json, business_workflow_manifest.json"
button:prev_release_toggle,works_releases_parties,button,Use release year in generated ISRC,prev_release_toggle,UI-PQ-REL-001,Relationship Qualification,covered,automated,,,"evidence.json, business_workflow_manifest.json"
button:qt_dockwidget_closebutton:350,works_releases_parties,button,qt_dockwidget_closebutton,qt_dockwidget_closebutton,UI-PQ-REL-001,Relationship Qualification,covered,automated,,,"evidence.json, business_workflow_manifest.json"
button:qt_dockwidget_closebutton:352,works_releases_parties,button,qt_dockwidget_closebutton,qt_dockwidget_closebutton,UI-PQ-REL-001,Relationship Qualification,covered,automated,,,"evidence.json, business_workflow_manifest.json"
button:qt_dockwidget_closebutton:356,works_releases_parties,button,qt_dockwidget_closebutton,qt_dockwidget_closebutton,UI-PQ-REL-001,Relationship Qualification,covered,automated,,,"evidence.json, business_workflow_manifest.json"
button:qt_dockwidget_closebutton:360,works_releases_parties,button,qt_dockwidget_closebutton,qt_dockwidget_closebutton,UI-PQ-REL-001,Relationship Qualification,covered,automated,,,"evidence.json, business_workflow_manifest.json"
button:qt_dockwidget_closebutton:364,works_releases_parties,button,qt_dockwidget_closebutton,qt_dockwidget_closebutton,UI-PQ-REL-001,Relationship Qualification,covered,automated,,,"evidence.json, business_workflow_manifest.json"
button:qt_dockwidget_closebutton:366,works_releases_parties,button,qt_dockwidget_closebutton,qt_dockwidget_closebutton,UI-PQ-REL-001,Relationship Qualification,covered,automated,,,"evidence.json, business_workflow_manifest.json"
button:qt_dockwidget_floatbutton:349,works_releases_parties,button,qt_dockwidget_floatbutton,qt_dockwidget_floatbutton,UI-PQ-REL-001,Relationship Qualification,covered,automated,,,"evidence.json, business_workflow_manifest.json"
button:qt_dockwidget_floatbutton:351,works_releases_parties,button,qt_dockwidget_floatbutton,qt_dockwidget_floatbutton,UI-PQ-REL-001,Relationship Qualification,covered,automated,,,"evidence.json, business_workflow_manifest.json"
button:qt_dockwidget_floatbutton:355,works_releases_parties,button,qt_dockwidget_floatbutton,qt_dockwidget_floatbutton,UI-PQ-REL-001,Relationship Qualification,covered,automated,,,"evidence.json, business_workflow_manifest.json"
button:qt_dockwidget_floatbutton:359,works_releases_parties,button,qt_dockwidget_floatbutton,qt_dockwidget_floatbutton,UI-PQ-REL-001,Relationship Qualification,covered,automated,,,"evidence.json, business_workflow_manifest.json"
button:qt_dockwidget_floatbutton:363,works_releases_parties,button,qt_dockwidget_floatbutton,qt_dockwidget_floatbutton,UI-PQ-REL-001,Relationship Qualification,covered,automated,,,"evidence.json, business_workflow_manifest.json"
button:qt_dockwidget_floatbutton:365,works_releases_parties,button,qt_dockwidget_floatbutton,qt_dockwidget_floatbutton,UI-PQ-REL-001,Relationship Qualification,covered,automated,,,"evidence.json, business_workflow_manifest.json"
dock:coderegistryworkspacedock,works_releases_parties,dock,Code Registry Workspace,codeRegistryWorkspaceDock,UI-PQ-REL-001,Relationship Qualification,covered,automated,,,"evidence.json, business_workflow_manifest.json"
dock:contracttemplateworkspacedock,works_releases_parties,dock,Contract Template Workspace,contractTemplateWorkspaceDock,UI-PQ-REL-001,Relationship Qualification,covered,automated,,,"evidence.json, business_workflow_manifest.json"
dock:invoiceworkspacedock,works_releases_parties,dock,Royalties  Accounting,invoiceWorkspaceDock,UI-PQ-REL-001,Relationship Qualification,covered,automated,,,"evidence.json, business_workflow_manifest.json"
dock:partymanagerdock,works_releases_parties,dock,Party Manager,partyManagerDock,UI-PQ-REL-001,Relationship Qualification,covered,automated,,,"evidence.json, business_workflow_manifest.json"
dock:releasebrowserdock,works_releases_parties,dock,Release Browser,releaseBrowserDock,UI-PQ-REL-001,Relationship Qualification,covered,automated,,,"evidence.json, business_workflow_manifest.json"
dock:workmanagerdock,works_releases_parties,dock,Work Manager,workManagerDock,UI-PQ-REL-001,Relationship Qualification,covered,automated,,,"evidence.json, business_workflow_manifest.json"
field:add_data_work_mode_combo,works_releases_parties,field,add_data_work_mode_combo,add_data_work_mode_combo,UI-PQ-REL-001,Relationship Qualification,covered,automated,,,"evidence.json, business_workflow_manifest.json"
field:add_data_work_parent_combo,works_releases_parties,field,add_data_work_parent_combo,add_data_work_parent_combo,UI-PQ-REL-001,Relationship Qualification,covered,automated,,,"evidence.json, business_workflow_manifest.json"
field:add_data_work_relationship_combo,works_releases_parties,field,add_data_work_relationship_combo,add_data_work_relationship_combo,UI-PQ-REL-001,Relationship Qualification,covered,automated,,,"evidence.json, business_workflow_manifest.json"
field:add_data_work_work_combo,works_releases_parties,field,add_data_work_work_combo,add_data_work_work_combo,UI-PQ-REL-001,Relationship Qualification,covered,automated,,,"evidence.json, business_workflow_manifest.json"
field:additional_artist_field,works_releases_parties,field,additional_artist_field,additional_artist_field,UI-PQ-REL-001,Relationship Qualification,covered,automated,,,"evidence.json, business_workflow_manifest.json"
field:artist_field,works_releases_parties,field,artist_field,artist_field,UI-PQ-REL-001,Relationship Qualification,covered,automated,,,"evidence.json, business_workflow_manifest.json"
field:buma_work_number_field,works_releases_parties,field,buma_work_number_field,buma_work_number_field,UI-PQ-REL-001,Relationship Qualification,covered,automated,,,"evidence.json, business_workflow_manifest.json"
field:mainwindow_qlineedit_4,works_releases_parties,field,mainWindow_qLineEdit_4,mainWindow_qLineEdit_4,UI-PQ-REL-001,Relationship Qualification,covered,automated,,,"evidence.json, business_workflow_manifest.json"
field:mainwindow_qlineedit_5,works_releases_parties,field,mainWindow_qLineEdit_5,mainWindow_qLineEdit_5,UI-PQ-REL-001,Relationship Qualification,covered,automated,,,"evidence.json, business_workflow_manifest.json"
menu:mainwindow_qmenu_21,works_releases_parties,menu,Create / Maintain,mainWindow_qMenu_21,UI-PQ-REL-001,Relationship Qualification,covered,automated,,,"evidence.json, business_workflow_manifest.json"
menu:mainwindow_qmenu_22,works_releases_parties,menu,Browse / Review,mainWindow_qMenu_22,UI-PQ-REL-001,Relationship Qualification,covered,automated,,,"evidence.json, business_workflow_manifest.json"
tab_page:adddatatabs_tab_2,works_releases_parties,tab_page,Release,addDataTabs_tab_2,UI-PQ-REL-001,Relationship Qualification,covered,automated,,,"evidence.json, business_workflow_manifest.json"
view:qt_calendar_calendarview,works_releases_parties,view,qt_calendar_calendarview,qt_calendar_calendarview,UI-PQ-REL-001,Relationship Qualification,covered,automated,,,"evidence.json, business_workflow_manifest.json"
